{
  "rotation_0_0": 0.8444444444444444,
  "rotation_0_1": 0.8444444444444444,
  "rotation_0_2": 0.8444444444444444,
  "rotation_5_0": 0.8444444444444444,
  "rotation_5_1": 0.8444444444444444,
  "rotation_5_2": 0.8444444444444444,
  "rotation_10_0": 0.8444444444444444,
  "rotation_10_1": 0.8444444444444444,
  "rotation_10_2": 0.8444444444444444,
  "rotation_15_0": 0.8222222222222222,
  "rotation_15_1": 0.8,
  "rotation_15_2": 0.8444444444444444,
  "rotation_20_0": 0.7333333333333333,
  "rotation_20_1": 0.7777777777777778,
  "rotation_20_2": 0.8444444444444444,
  "rotation_30_0": 0.8,
  "rotation_30_1": 0.8222222222222222,
  "rotation_30_2": 0.7111111111111111
}