{
  "2-1": 0.9083333333333333,
  "2-2": 0.95,
  "2-4": 0.9416666666666667,
  "2-8": 0.9083333333333333,
  "4-1": 0.9833333333333333,
  "4-2": 0.975,
  "4-4": 0.9833333333333333,
  "4-8": 0.95,
  "8-1": 0.9833333333333333,
  "8-2": 0.9833333333333333,
  "8-4": 0.9833333333333333,
  "8-8": 0.9666666666666667,
  "16-1": 0.975,
  "16-2": 0.975,
  "16-4": 0.9833333333333333,
  "16-8": 0.9583333333333334
}