{
  "blur_1_0": 0.9833333333333333,
  "blur_1_1": 0.9833333333333333,
  "blur_1_2": 0.9833333333333333,
  "blur_3_0": 0.9833333333333333,
  "blur_3_1": 0.9833333333333333,
  "blur_3_2": 0.9833333333333333,
  "blur_5_0": 0.9583333333333334,
  "blur_5_1": 0.9583333333333334,
  "blur_5_2": 0.9583333333333334,
  "blur_9_0": 0.9,
  "blur_9_1": 0.9,
  "blur_9_2": 0.9,
  "blur_13_0": 0.925,
  "blur_13_1": 0.925,
  "blur_13_2": 0.925
}