{
  "rotation_0_0": 0.9833333333333333,
  "rotation_0_1": 0.9833333333333333,
  "rotation_0_2": 0.9833333333333333,
  "rotation_5_0": 0.9666666666666667,
  "rotation_5_1": 0.975,
  "rotation_5_2": 0.975,
  "rotation_10_0": 0.9666666666666667,
  "rotation_10_1": 0.9833333333333333,
  "rotation_10_2": 0.9666666666666667,
  "rotation_15_0": 0.9333333333333333,
  "rotation_15_1": 0.9583333333333334,
  "rotation_15_2": 0.95,
  "rotation_20_0": 0.9083333333333333,
  "rotation_20_1": 0.8916666666666667,
  "rotation_20_2": 0.8583333333333333,
  "rotation_30_0": 0.8583333333333333,
  "rotation_30_1": 0.8166666666666667,
  "rotation_30_2": 0.875
}