{
  "crop_0.6_0": 0.058333333333333334,
  "crop_0.6_1": 0.13333333333333333,
  "crop_0.6_2": 0.075,
  "crop_0.7_0": 0.18333333333333332,
  "crop_0.7_1": 0.16666666666666666,
  "crop_0.7_2": 0.23333333333333334,
  "crop_0.8_0": 0.4666666666666667,
  "crop_0.8_1": 0.525,
  "crop_0.8_2": 0.5083333333333333,
  "crop_0.9_0": 0.8833333333333333,
  "crop_0.9_1": 0.9083333333333333,
  "crop_0.9_2": 0.85,
  "crop_1_0": 0.9833333333333333,
  "crop_1_1": 0.9833333333333333,
  "crop_1_2": 0.9833333333333333
}