{
  "noise_0.0_0": 0.775,
  "noise_0.0_1": 0.775,
  "noise_0.0_2": 0.775,
  "noise_0.02_0": 0.8083333333333333,
  "noise_0.02_1": 0.8,
  "noise_0.02_2": 0.8,
  "noise_0.05_0": 0.825,
  "noise_0.05_1": 0.775,
  "noise_0.05_2": 0.825,
  "noise_0.1_0": 0.7916666666666666,
  "noise_0.1_1": 0.7666666666666667,
  "noise_0.1_2": 0.8166666666666667,
  "noise_0.15_0": 0.8,
  "noise_0.15_1": 0.8,
  "noise_0.15_2": 0.7916666666666666
}