{
  "blur_1_0": 0.8444444444444444,
  "blur_1_1": 0.8444444444444444,
  "blur_1_2": 0.8444444444444444,
  "blur_3_0": 0.8666666666666667,
  "blur_3_1": 0.8666666666666667,
  "blur_3_2": 0.8666666666666667,
  "blur_5_0": 0.8444444444444444,
  "blur_5_1": 0.8,
  "blur_5_2": 0.8,
  "blur_9_0": 0.6444444444444445,
  "blur_9_1": 0.6,
  "blur_9_2": 0.6,
  "blur_13_0": 0.6,
  "blur_13_1": 0.5555555555555556,
  "blur_13_2": 0.6
}