{
  "crop_0.6_0": 0.2,
  "crop_0.6_1": 0.2,
  "crop_0.6_2": 0.13333333333333333,
  "crop_0.7_0": 0.15555555555555556,
  "crop_0.7_1": 0.28888888888888886,
  "crop_0.7_2": 0.17777777777777778,
  "crop_0.8_0": 0.4666666666666667,
  "crop_0.8_1": 0.37777777777777777,
  "crop_0.8_2": 0.3333333333333333,
  "crop_0.9_0": 0.8,
  "crop_0.9_1": 0.7777777777777778,
  "crop_0.9_2": 0.7777777777777778,
  "crop_1_0": 0.8444444444444444,
  "crop_1_1": 0.8444444444444444,
  "crop_1_2": 0.8444444444444444
}