{
  "noise_0.0_0": 0.5777777777777777,
  "noise_0.0_1": 0.5777777777777777,
  "noise_0.0_2": 0.5777777777777777,
  "noise_0.02_0": 0.6444444444444445,
  "noise_0.02_1": 0.6222222222222222,
  "noise_0.02_2": 0.6,
  "noise_0.05_0": 0.6888888888888889,
  "noise_0.05_1": 0.6666666666666666,
  "noise_0.05_2": 0.6666666666666666,
  "noise_0.1_0": 0.7333333333333333,
  "noise_0.1_1": 0.8,
  "noise_0.1_2": 0.6888888888888889,
  "noise_0.15_0": 0.7333333333333333,
  "noise_0.15_1": 0.6888888888888889,
  "noise_0.15_2": 0.7333333333333333
}