{
  "2-1": 0.8222222222222222,
  "2-2": 0.8222222222222222,
  "2-4": 0.8222222222222222,
  "2-8": 0.8222222222222222,
  "4-1": 0.8444444444444444,
  "4-2": 0.8666666666666667,
  "4-4": 0.8888888888888888,
  "4-8": 0.9111111111111111,
  "8-1": 0.8666666666666667,
  "8-2": 0.8444444444444444,
  "8-4": 0.8888888888888888,
  "8-8": 0.9111111111111111,
  "16-1": 0.8444444444444444,
  "16-2": 0.8888888888888888,
  "16-4": 0.8666666666666667,
  "16-8": 0.9111111111111111
}