{
  "Eigenfaces": {
    "1": [
      0.55,
      0.5833333333333334,
      0.5916666666666667
    ],
    "2": [
      0.8,
      0.65,
      0.8833333333333333
    ],
    "3": [
      0.8166666666666667,
      0.8416666666666667,
      0.8
    ],
    "4": [
      0.875,
      0.8666666666666667,
      0.85
    ],
    "5": [
      0.9416666666666667,
      0.8666666666666667,
      0.9166666666666666
    ],
    "6": [
      0.9,
      0.925,
      0.9083333333333333
    ],
    "7": [
      0.925,
      0.925,
      0.925
    ]
  },
  "LBPH": {
    "1": [
      0.6916666666666667,
      0.6583333333333333,
      0.7083333333333334
    ],
    "2": [
      0.85,
      0.775,
      0.8916666666666667
    ],
    "3": [
      0.9083333333333333,
      0.9,
      0.9
    ],
    "4": [
      0.9666666666666667,
      0.9416666666666667,
      0.9416666666666667
    ],
    "5": [
      0.975,
      0.975,
      0.975
    ],
    "6": [
      0.975,
      0.9916666666666667,
      0.975
    ],
    "7": [
      0.9833333333333333,
      0.9833333333333333,
      0.9833333333333333
    ]
  },
  "Deep Learning": {
    "1": [
      0.058333333333333334,
      0.13333333333333333,
      0.16666666666666666
    ],
    "2": [
      0.24166666666666667,
      0.39166666666666666,
      0.5916666666666667
    ],
    "3": [
      0.7166666666666667,
      0.20833333333333334,
      0.25
    ],
    "4": [
      0.9,
      0.31666666666666665,
      0.775
    ],
    "5": [
      0.7416666666666667,
      0.925,
      0.8583333333333333
    ],
    "6": [
      0.85,
      0.8583333333333333,
      0.8583333333333333
    ],
    "7": [
      0.925,
      0.9416666666666667,
      0.9583333333333334
    ]
  }
}