{
  "Eigenfaces": {
    "2": [
      0.6888888888888889,
      0.6222222222222222,
      0.7777777777777778
    ],
    "3": [
      0.6444444444444445,
      0.7111111111111111,
      0.7111111111111111
    ],
    "4": [
      0.8,
      0.7777777777777778,
      0.7555555555555555
    ],
    "5": [
      0.7333333333333333,
      0.7555555555555555,
      0.7555555555555555
    ],
    "6": [
      0.8222222222222222,
      0.8222222222222222,
      0.8222222222222222
    ],
    "7": [
      0.8222222222222222,
      0.8222222222222222,
      0.8222222222222222
    ]
  }
}