{
  "Eigenfaces": {
    "2": [
      0.6888888888888889,
      0.6222222222222222,
      0.7777777777777778
    ],
    "3": [
      0.6444444444444445,
      0.7111111111111111,
      0.7111111111111111
    ],
    "4": [
      0.8,
      0.7777777777777778,
      0.7555555555555555
    ],
    "5": [
      0.7111111111111111,
      0.7555555555555555,
      0.7555555555555555
    ],
    "6": [
      0.8222222222222222,
      0.8222222222222222,
      0.8222222222222222
    ],
    "7": [
      0.8222222222222222,
      0.8222222222222222,
      0.8222222222222222
    ],
    "8": [
      0.8222222222222222,
      0.8222222222222222,
      0.8222222222222222
    ]
  },
  "LBPH": {
    "2": [
      0.6888888888888889,
      0.7333333333333333,
      0.7333333333333333
    ],
    "3": [
      0.7555555555555555,
      0.8444444444444444,
      0.8
    ],
    "4": [
      0.8,
      0.7777777777777778,
      0.8222222222222222
    ],
    "5": [
      0.8222222222222222,
      0.8222222222222222,
      0.8222222222222222
    ],
    "6": [
      0.8222222222222222,
      0.8444444444444444,
      0.8222222222222222
    ],
    "7": [
      0.8444444444444444,
      0.8222222222222222,
      0.8444444444444444
    ],
    "8": [
      0.8444444444444444,
      0.8444444444444444,
      0.8444444444444444
    ]
  },
  "Deep Learning": {
    "2": [
      0.15555555555555556,
      0.06666666666666667,
      0.06666666666666667
    ],
    "3": [
      0.13333333333333333,
      0.2222222222222222,
      0.13333333333333333
    ],
    "4": [
      0.13333333333333333,
      0.2,
      0.24444444444444444
    ],
    "5": [
      0.4222222222222222,
      0.17777777777777778,
      0.13333333333333333
    ],
    "6": [
      0.3111111111111111,
      0.37777777777777777,
      0.3333333333333333
    ],
    "7": [
      0.2222222222222222,
      0.3111111111111111,
      0.3333333333333333
    ],
    "8": [
      0.4888888888888889,
      0.6,
      0.4222222222222222
    ]
  },
  "Fisherfaces": {
    "2": [
      0.5777777777777777,
      0.6666666666666666,
      0.4222222222222222
    ],
    "3": [
      0.5555555555555556,
      0.4666666666666667,
      0.7111111111111111
    ],
    "4": [
      0.5555555555555556,
      0.7333333333333333,
      0.4666666666666667
    ],
    "5": [
      0.8,
      0.7111111111111111,
      0.6222222222222222
    ],
    "6": [
      0.8666666666666667,
      0.8,
      0.5111111111111111
    ],
    "7": [
      0.4,
      0.7555555555555555,
      0.6888888888888889
    ],
    "8": [
      0.8444444444444444,
      0.8444444444444444,
      0.8444444444444444
    ]
  }
}